file	endpoint	host	port	resolved_ip	ping_ms	nmap_open_udp
al-tia-wg-003.conf	103.124.165.130:51820	103.124.165.130	51820	103.124.165.130	196	-
al-tia-wg-004.conf	103.124.165.191:51820	103.124.165.191	51820	103.124.165.191	104	-
ar-bue-wg-001.conf	149.22.83.2:51820	149.22.83.2	51820	149.22.83.2	379	-
ar-bue-wg-002.conf	149.22.83.31:51820	149.22.83.31	51820	149.22.83.31	395	-
at-vie-wg-001.conf	146.70.116.98:51820	146.70.116.98	51820	146.70.116.98	88.1	-
at-vie-wg-002.conf	146.70.116.130:51820	146.70.116.130	51820	146.70.116.130	87.5	-
at-vie-wg-003.conf	146.70.116.162:51820	146.70.116.162	51820	146.70.116.162	191	-
at-vie-wg-101.conf	185.24.11.130:51820	185.24.11.130	51820	185.24.11.130	88.1	-
at-vie-wg-102.conf	185.24.11.159:51820	185.24.11.159	51820	185.24.11.159	88.5	-
au-adl-wg-302.conf	103.214.20.130:51820	103.214.20.130	51820	103.214.20.130	396	-
au-bne-wg-301.conf	103.216.220.18:51820	103.216.220.18	51820	103.216.220.18	395	-
au-bne-wg-302.conf	103.216.220.34:51820	103.216.220.34	51820	103.216.220.34	395	-
au-mel-wg-302.conf	103.108.229.66:51820	103.108.229.66	51820	103.108.229.66	395	-
au-per-wg-301.conf	103.108.231.50:51820	103.108.231.50	51820	103.108.231.50	294	-
au-per-wg-302.conf	103.108.231.66:51820	103.108.231.66	51820	103.108.231.66	294	-
au-syd-wg-001.conf	146.70.200.2:51820	146.70.200.2	51820	146.70.200.2	394	-
au-syd-wg-002.conf	146.70.141.194:51820	146.70.141.194	51820	146.70.141.194	395	-
au-syd-wg-003.conf	146.70.200.194:51820	146.70.200.194	51820	146.70.200.194	396	-
au-syd-wg-101.conf	103.136.147.3:51820	103.136.147.3	51820	103.136.147.3	394	-
au-syd-wg-102.conf	103.136.147.65:51820	103.136.147.65	51820	103.136.147.65	396	-
au-syd-wg-103.conf	103.136.147.129:51820	103.136.147.129	51820	103.136.147.129	395	-
au-syd-wg-104.conf	103.136.147.197:51820	103.136.147.197	51820	103.136.147.197	397	-
au-syd-wg-301.conf	103.120.6.2:51820	103.120.6.2	51820	103.120.6.2	359	-
au-syd-wg-302.conf	103.120.6.127:51820	103.120.6.127	51820	103.120.6.127	431	-
au-syd-wg-303.conf	103.141.60.2:51820	103.141.60.2	51820	103.141.60.2	396	-
au-syd-wg-304.conf	103.141.60.127:51820	103.141.60.127	51820	103.141.60.127	395	-
be-bru-wg-101.conf	91.90.123.2:51820	91.90.123.2	51820	91.90.123.2	90.1	-
be-bru-wg-102.conf	194.110.115.34:51820	194.110.115.34	51820	194.110.115.34	88.2	-
be-bru-wg-103.conf	194.110.115.2:51820	194.110.115.2	51820	194.110.115.2	88.4	-
bg-sof-wg-001.conf	146.70.188.130:51820	146.70.188.130	51820	146.70.188.130	191	-
bg-sof-wg-002.conf	146.70.188.194:51820	146.70.188.194	51820	146.70.188.194	191	-
br-for-wg-001.conf	98.98.12.178:51820	98.98.12.178	51820	98.98.12.178	293	-
br-for-wg-002.conf	98.98.12.182:51820	98.98.12.182	51820	98.98.12.182	293	-
br-sao-wg-201.conf	169.150.198.66:51820	169.150.198.66	51820	169.150.198.66	293	-
br-sao-wg-202.conf	169.150.198.79:51820	169.150.198.79	51820	169.150.198.79	273	-
br-sao-wg-302.conf	103.139.178.63:51820	103.139.178.63	51820	103.139.178.63	313	-
br-sao-wg-303.conf	103.139.178.123:51820	103.139.178.123	51820	103.139.178.123	293	-
br-sao-wg-304.conf	103.139.178.183:51820	103.139.178.183	51820	103.139.178.183	292	-
ca-mtr-wg-001.conf	146.70.198.66:51820	146.70.198.66	51820	146.70.198.66	191	-
ca-mtr-wg-002.conf	146.70.198.130:51820	146.70.198.130	51820	146.70.198.130	190	-
ca-mtr-wg-003.conf	146.70.198.194:51820	146.70.198.194	51820	146.70.198.194	191	-
ca-mtr-wg-004.conf	188.241.176.194:51820	188.241.176.194	51820	188.241.176.194	191	-
ca-mtr-wg-201.conf	62.93.167.130:51820	62.93.167.130	51820	62.93.167.130	190	-
ca-mtr-wg-202.conf	62.93.167.160:51820	62.93.167.160	51820	62.93.167.160	191	-
ca-tor-wg-001.conf	178.249.214.2:51820	178.249.214.2	51820	178.249.214.2	190	-
ca-tor-wg-002.conf	178.249.214.15:51820	178.249.214.15	51820	178.249.214.15	191	-
ca-tor-wg-201.conf	23.234.84.2:51820	23.234.84.2	51820	23.234.84.2	191	-
ca-tor-wg-202.conf	23.234.84.127:51820	23.234.84.127	51820	23.234.84.127	191	-
ca-tor-wg-203.conf	23.234.85.2:51820	23.234.85.2	51820	23.234.85.2	191	-
ca-tor-wg-204.conf	23.234.85.127:51820	23.234.85.127	51820	23.234.85.127	191	-
ca-tor-wg-205.conf	23.234.86.2:51820	23.234.86.2	51820	23.234.86.2	190	-
ca-tor-wg-206.conf	23.234.86.127:51820	23.234.86.127	51820	23.234.86.127	192	-
ca-tor-wg-207.conf	23.234.87.2:51820	23.234.87.2	51820	23.234.87.2	195	-
ca-van-wg-201.conf	104.193.135.196:51820	104.193.135.196	51820	104.193.135.196	293	-
ca-van-wg-202.conf	104.193.135.100:51820	104.193.135.100	51820	104.193.135.100	293	-
ca-van-wg-301.conf	149.22.81.194:51820	149.22.81.194	51820	149.22.81.194	231	-
ca-van-wg-302.conf	149.22.81.207:51820	149.22.81.207	51820	149.22.81.207	253	-
ca-yyc-wg-201.conf	38.240.225.36:51820	38.240.225.36	51820	38.240.225.36	201	-
ca-yyc-wg-202.conf	38.240.225.68:51820	38.240.225.68	51820	38.240.225.68	197	-
ch-zrh-wg-001.conf	193.32.127.66:51820	193.32.127.66	51820	193.32.127.66	174	-
ch-zrh-wg-002.conf	193.32.127.67:51820	193.32.127.67	51820	193.32.127.67	87.9	-
ch-zrh-wg-003.conf	193.32.127.68:51820	193.32.127.68	51820	193.32.127.68	88.1	-
ch-zrh-wg-004.conf	193.32.127.69:51820	193.32.127.69	51820	193.32.127.69	190	-
ch-zrh-wg-005.conf	193.32.127.70:51820	193.32.127.70	51820	193.32.127.70	88.1	-
ch-zrh-wg-006.conf	193.32.127.84:51820	193.32.127.84	51820	193.32.127.84	88.0	-
ch-zrh-wg-201.conf	179.43.189.66:51820	179.43.189.66	51820	179.43.189.66	79.1	-
ch-zrh-wg-202.conf	46.19.136.226:51820	46.19.136.226	51820	46.19.136.226	81.7	-
ch-zrh-wg-401.conf	138.199.6.194:51820	138.199.6.194	51820	138.199.6.194	105	-
ch-zrh-wg-402.conf	138.199.6.207:51820	138.199.6.207	51820	138.199.6.207	87.9	-
ch-zrh-wg-403.conf	138.199.6.220:51820	138.199.6.220	51820	138.199.6.220	87.4	-
ch-zrh-wg-404.conf	138.199.6.233:51820	138.199.6.233	51820	138.199.6.233	88.2	-
ch-zrh-wg-501.conf	146.70.134.98:51820	146.70.134.98	51820	146.70.134.98	88.7	-
ch-zrh-wg-502.conf	146.70.126.162:51820	146.70.126.162	51820	146.70.126.162	88.6	-
ch-zrh-wg-503.conf	146.70.126.194:51820	146.70.126.194	51820	146.70.126.194	88.0	-
ch-zrh-wg-504.conf	146.70.126.226:51820	146.70.126.226	51820	146.70.126.226	88.3	-
ch-zrh-wg-505.conf	146.70.134.2:51820	146.70.134.2	51820	146.70.134.2	88.0	-
ch-zrh-wg-506.conf	146.70.134.34:51820	146.70.134.34	51820	146.70.134.34	191	-
ch-zrh-wg-507.conf	146.70.134.66:51820	146.70.134.66	51820	146.70.134.66	88.3	-
cl-scl-wg-001.conf	149.88.104.2:51820	149.88.104.2	51820	149.88.104.2	299	-
cl-scl-wg-002.conf	149.88.104.15:51820	149.88.104.15	51820	149.88.104.15	391	-
co-bog-wg-001.conf	154.47.16.34:51820	154.47.16.34	51820	154.47.16.34	292	-
co-bog-wg-002.conf	154.47.16.47:51820	154.47.16.47	51820	154.47.16.47	293	-
cy-nic-wg-001.conf	195.47.194.131:51820	195.47.194.131	51820	195.47.194.131	191	-
cy-nic-wg-002.conf	195.47.194.161:51820	195.47.194.161	51820	195.47.194.161	165	-
cz-prg-wg-102.conf	146.70.129.130:51820	146.70.129.130	51820	146.70.129.130	116	-
cz-prg-wg-201.conf	178.249.209.162:51820	178.249.209.162	51820	178.249.209.162	88.4	-
cz-prg-wg-202.conf	178.249.209.175:51820	178.249.209.175	51820	178.249.209.175	89.1	-
de-ber-wg-001.conf	193.32.248.66:51820	193.32.248.66	51820	193.32.248.66	191	-
de-ber-wg-002.conf	193.32.248.67:51820	193.32.248.67	51820	193.32.248.67	191	-
de-ber-wg-003.conf	193.32.248.68:51820	193.32.248.68	51820	193.32.248.68	191	-
de-ber-wg-004.conf	193.32.248.69:51820	193.32.248.69	51820	193.32.248.69	191	-
de-ber-wg-005.conf	193.32.248.70:51820	193.32.248.70	51820	193.32.248.70	141	-
de-ber-wg-006.conf	193.32.248.71:51820	193.32.248.71	51820	193.32.248.71	137	-
de-ber-wg-007.conf	193.32.248.75:51820	193.32.248.75	51820	193.32.248.75	192	-
de-ber-wg-008.conf	193.32.248.74:51820	193.32.248.74	51820	193.32.248.74	88.4	-
de-dus-wg-001.conf	185.254.75.3:51820	185.254.75.3	51820	185.254.75.3	90.1	-
de-dus-wg-002.conf	185.254.75.4:51820	185.254.75.4	51820	185.254.75.4	89.6	-
de-dus-wg-003.conf	185.254.75.5:51820	185.254.75.5	51820	185.254.75.5	89.5	-
de-fra-wg-001.conf	185.213.155.73:51820	185.213.155.73	51820	185.213.155.73	88.3	-
de-fra-wg-002.conf	185.213.155.74:51820	185.213.155.74	51820	185.213.155.74	90.1	-
de-fra-wg-003.conf	185.209.196.73:51820	185.209.196.73	51820	185.209.196.73	90.6	-
de-fra-wg-004.conf	185.209.196.74:51820	185.209.196.74	51820	185.209.196.74	89.6	-
de-fra-wg-005.conf	185.209.196.75:51820	185.209.196.75	51820	185.209.196.75	89.4	-
de-fra-wg-006.conf	185.209.196.76:51820	185.209.196.76	51820	185.209.196.76	87.9	-
de-fra-wg-007.conf	185.209.196.77:51820	185.209.196.77	51820	185.209.196.77	88.2	-
de-fra-wg-008.conf	185.209.196.78:51820	185.209.196.78	51820	185.209.196.78	88.0	-
de-fra-wg-009.conf	185.213.155.72:51820	185.213.155.72	51820	185.213.155.72	88.0	-
de-fra-wg-101.conf	146.70.117.162:51820	146.70.117.162	51820	146.70.117.162	88.7	-
de-fra-wg-102.conf	146.70.117.194:51820	146.70.117.194	51820	146.70.117.194	88.6	-
de-fra-wg-103.conf	146.70.117.226:51820	146.70.117.226	51820	146.70.117.226	86.7	-
de-fra-wg-104.conf	146.70.107.194:51820	146.70.107.194	51820	146.70.107.194	88.3	-
de-fra-wg-105.conf	146.70.117.2:51820	146.70.117.2	51820	146.70.117.2	88.4	-
de-fra-wg-106.conf	146.70.117.34:51820	146.70.117.34	51820	146.70.117.34	87.6	-
de-fra-wg-301.conf	194.36.25.3:51820	194.36.25.3	51820	194.36.25.3	88.1	-
de-fra-wg-302.conf	194.36.25.18:51820	194.36.25.18	51820	194.36.25.18	90.9	-
de-fra-wg-303.conf	194.36.25.33:51820	194.36.25.33	51820	194.36.25.33	87.7	-
de-fra-wg-304.conf	194.36.25.48:51820	194.36.25.48	51820	194.36.25.48	88.0	-
de-fra-wg-401.conf	169.150.201.2:51820	169.150.201.2	51820	169.150.201.2	88.1	-
de-fra-wg-402.conf	169.150.201.15:51820	169.150.201.15	51820	169.150.201.15	88.4	-
de-fra-wg-403.conf	169.150.201.28:51820	169.150.201.28	51820	169.150.201.28	88.7	-
dk-cph-wg-001.conf	45.129.56.67:51820	45.129.56.67	51820	45.129.56.67	193	-
dk-cph-wg-002.conf	45.129.56.68:51820	45.129.56.68	51820	45.129.56.68	83.5	-
dk-cph-wg-401.conf	146.70.197.194:51820	146.70.197.194	51820	146.70.197.194	93.4	-
dk-cph-wg-402.conf	146.70.197.130:51820	146.70.197.130	51820	146.70.197.130	88.0	-
ee-tll-wg-001.conf	194.127.167.67:51820	194.127.167.67	51820	194.127.167.67	88.2	-
ee-tll-wg-002.conf	194.127.167.87:51820	194.127.167.87	51820	194.127.167.87	88.0	-
ee-tll-wg-003.conf	194.127.167.107:51820	194.127.167.107	51820	194.127.167.107	88.4	-
es-bcn-wg-001.conf	185.188.61.195:51820	185.188.61.195	51820	185.188.61.195	180	-
es-bcn-wg-002.conf	185.188.61.225:51820	185.188.61.225	51820	185.188.61.225	202	-
es-bcn-wg-101.conf	185.253.99.30:51820	185.253.99.30	51820	185.253.99.30	104	-
es-bcn-wg-102.conf	185.253.99.98:51820	185.253.99.98	51820	185.253.99.98	174	-
es-mad-wg-101.conf	45.134.213.194:51820	45.134.213.194	51820	45.134.213.194	191	-
es-mad-wg-102.conf	45.134.213.207:51820	45.134.213.207	51820	45.134.213.207	190	-
es-mad-wg-201.conf	146.70.128.194:51820	146.70.128.194	51820	146.70.128.194	191	-
es-mad-wg-202.conf	146.70.128.226:51820	146.70.128.226	51820	146.70.128.226	97.2	-
es-vlc-wg-001.conf	193.19.207.195:51820	193.19.207.195	51820	193.19.207.195	182	-
es-vlc-wg-002.conf	193.19.207.225:51820	193.19.207.225	51820	193.19.207.225	127	-
fi-hel-wg-001.conf	185.204.1.203:51820	185.204.1.203	51820	185.204.1.203	49.6	-
fi-hel-wg-002.conf	185.204.1.211:51820	185.204.1.211	51820	185.204.1.211	89.3	-
fi-hel-wg-003.conf	185.204.1.219:51820	185.204.1.219	51820	185.204.1.219	87.9	-
fi-hel-wg-101.conf	193.138.7.137:51820	193.138.7.137	51820	193.138.7.137	88.5	-
fi-hel-wg-102.conf	193.138.7.157:51820	193.138.7.157	51820	193.138.7.157	88.0	-
fi-hel-wg-103.conf	193.138.7.177:51820	193.138.7.177	51820	193.138.7.177	71.0	-
fi-hel-wg-104.conf	193.138.7.197:51820	193.138.7.197	51820	193.138.7.197	106	-
fr-bod-wg-001.conf	45.134.79.67:51820	45.134.79.67	51820	45.134.79.67	190	-
fr-bod-wg-002.conf	45.134.79.97:51820	45.134.79.97	51820	45.134.79.97	191	-
fr-mrs-wg-001.conf	138.199.15.162:51820	138.199.15.162	51820	138.199.15.162	87.6	-
fr-mrs-wg-002.conf	138.199.15.146:51820	138.199.15.146	51820	138.199.15.146	190	-
fr-par-wg-001.conf	193.32.126.66:51820	193.32.126.66	51820	193.32.126.66	88.3	-
fr-par-wg-002.conf	193.32.126.67:51820	193.32.126.67	51820	193.32.126.67	88.3	-
fr-par-wg-003.conf	193.32.126.68:51820	193.32.126.68	51820	193.32.126.68	88.5	-
fr-par-wg-004.conf	193.32.126.69:51820	193.32.126.69	51820	193.32.126.69	191	-
fr-par-wg-005.conf	193.32.126.70:51820	193.32.126.70	51820	193.32.126.70	191	-
fr-par-wg-006.conf	193.32.126.84:51820	193.32.126.84	51820	193.32.126.84	88.6	-
fr-par-wg-007.conf	193.32.126.83:51820	193.32.126.83	51820	193.32.126.83	87.9	-
fr-par-wg-101.conf	146.70.184.2:51820	146.70.184.2	51820	146.70.184.2	86.7	-
fr-par-wg-102.conf	146.70.184.66:51820	146.70.184.66	51820	146.70.184.66	88.5	-
fr-par-wg-301.conf	95.173.222.2:51820	95.173.222.2	51820	95.173.222.2	88.0	-
fr-par-wg-302.conf	95.173.222.31:51820	95.173.222.31	51820	95.173.222.31	125	-
gb-glw-wg-001.conf	185.201.188.3:51820	185.201.188.3	51820	185.201.188.3	155	-
gb-glw-wg-002.conf	185.201.188.33:51820	185.201.188.33	51820	185.201.188.33	190	-
gb-lon-wg-001.conf	141.98.252.130:51820	141.98.252.130	51820	141.98.252.130	190	-
gb-lon-wg-003.conf	185.195.232.66:51820	185.195.232.66	51820	185.195.232.66	88.9	-
gb-lon-wg-004.conf	185.195.232.67:51820	185.195.232.67	51820	185.195.232.67	190	-
gb-lon-wg-005.conf	185.195.232.68:51820	185.195.232.68	51820	185.195.232.68	88.9	-
gb-lon-wg-006.conf	185.195.232.69:51820	185.195.232.69	51820	185.195.232.69	87.9	-
gb-lon-wg-007.conf	185.195.232.70:51820	185.195.232.70	51820	185.195.232.70	191	-
gb-lon-wg-008.conf	141.98.252.138:51820	141.98.252.138	51820	141.98.252.138	88.2	-
gb-lon-wg-201.conf	185.248.85.3:51820	185.248.85.3	51820	185.248.85.3	191	-
gb-lon-wg-202.conf	185.248.85.18:51820	185.248.85.18	51820	185.248.85.18	191	-
gb-lon-wg-203.conf	185.248.85.33:51820	185.248.85.33	51820	185.248.85.33	87.9	-
gb-lon-wg-204.conf	185.248.85.48:51820	185.248.85.48	51820	185.248.85.48	191	-
gb-lon-wg-301.conf	146.70.119.66:51820	146.70.119.66	51820	146.70.119.66	109	-
gb-lon-wg-302.conf	146.70.119.2:51820	146.70.119.2	51820	146.70.119.2	84.1	-
gb-lon-wg-304.conf	146.70.119.162:51820	146.70.119.162	51820	146.70.119.162	175	-
gb-mnc-wg-001.conf	146.70.133.98:51820	146.70.133.98	51820	146.70.133.98	191	-
gb-mnc-wg-002.conf	146.70.132.130:51820	146.70.132.130	51820	146.70.132.130	190	-
gb-mnc-wg-003.conf	146.70.132.162:51820	146.70.132.162	51820	146.70.132.162	88.6	-
gb-mnc-wg-004.conf	146.70.132.194:51820	146.70.132.194	51820	146.70.132.194	87.5	-
gb-mnc-wg-005.conf	146.70.132.226:51820	146.70.132.226	51820	146.70.132.226	91.7	-
gb-mnc-wg-006.conf	146.70.133.2:51820	146.70.133.2	51820	146.70.133.2	89.1	-
gb-mnc-wg-007.conf	146.70.133.34:51820	146.70.133.34	51820	146.70.133.34	187	-
gb-mnc-wg-008.conf	146.70.133.66:51820	146.70.133.66	51820	146.70.133.66	90.5	-
gb-mnc-wg-009.conf	146.70.132.98:51820	146.70.132.98	51820	146.70.132.98	89.3	-
gb-mnc-wg-201.conf	167.160.13.3:51820	167.160.13.3	51820	167.160.13.3	87.2	-
gb-mnc-wg-202.conf	167.160.13.127:51820	167.160.13.127	51820	167.160.13.127	191	-
gr-ath-wg-101.conf	149.102.246.2:51820	149.102.246.2	51820	149.102.246.2	190	-
gr-ath-wg-102.conf	149.102.246.15:51820	149.102.246.15	51820	149.102.246.15	190	-
hk-hkg-wg-201.conf	103.125.233.18:51820	103.125.233.18	51820	103.125.233.18	254	-
hk-hkg-wg-301.conf	146.70.224.2:51820	146.70.224.2	51820	146.70.224.2	334	-
hk-hkg-wg-302.conf	146.70.224.66:51820	146.70.224.66	51820	146.70.224.66	398	-
hr-zag-wg-001.conf	154.47.29.2:51820	154.47.29.2	51820	154.47.29.2	128	-
hr-zag-wg-002.conf	154.47.29.15:51820	154.47.29.15	51820	154.47.29.15	150	-
hu-bud-wg-101.conf	146.70.196.194:51820	146.70.196.194	51820	146.70.196.194	191	-
hu-bud-wg-102.conf	146.70.196.130:51820	146.70.196.130	51820	146.70.196.130	191	-
hu-bud-wg-201.conf	79.127.182.130:51820	79.127.182.130	51820	79.127.182.130	87.6	-
hu-bud-wg-202.conf	79.127.182.160:51820	79.127.182.160	51820	79.127.182.160	88.6	-
id-jpu-wg-001.conf	129.227.46.130:51820	129.227.46.130	51820	129.227.46.130	293	-
id-jpu-wg-002.conf	129.227.46.162:51820	129.227.46.162	51820	129.227.46.162	294	-
ie-dub-wg-101.conf	146.70.189.2:51820	146.70.189.2	51820	146.70.189.2	190	-
ie-dub-wg-102.conf	146.70.189.66:51820	146.70.189.66	51820	146.70.189.66	88.8	-
il-tlv-wg-101.conf	169.150.227.197:51820	169.150.227.197	51820	169.150.227.197	189	-
il-tlv-wg-102.conf	169.150.227.210:51820	169.150.227.210	51820	169.150.227.210	191	-
il-tlv-wg-103.conf	169.150.227.222:51820	169.150.227.222	51820	169.150.227.222	191	-
it-mil-wg-001.conf	178.249.211.66:51820	178.249.211.66	51820	178.249.211.66	88.2	-
it-mil-wg-002.conf	178.249.211.79:51820	178.249.211.79	51820	178.249.211.79	88.6	-
it-mil-wg-003.conf	178.249.211.92:51820	178.249.211.92	51820	178.249.211.92	88.2	-
it-mil-wg-201.conf	146.70.225.2:51820	146.70.225.2	51820	146.70.225.2	191	-
it-mil-wg-202.conf	146.70.225.66:51820	146.70.225.66	51820	146.70.225.66	89.9	-
it-pmo-wg-001.conf	149.22.91.66:51820	149.22.91.66	51820	149.22.91.66	192	-
it-pmo-wg-002.conf	149.22.91.79:51820	149.22.91.79	51820	149.22.91.79	105	-
jp-osa-wg-001.conf	194.114.136.3:51820	194.114.136.3	51820	194.114.136.3	175	-
jp-osa-wg-002.conf	194.114.136.34:51820	194.114.136.34	51820	194.114.136.34	191	-
jp-osa-wg-003.conf	194.114.136.65:51820	194.114.136.65	51820	194.114.136.65	190	-
jp-osa-wg-004.conf	194.114.136.96:51820	194.114.136.96	51820	194.114.136.96	166	-
jp-tyo-wg-001.conf	138.199.21.239:51820	138.199.21.239	51820	138.199.21.239	419	-
jp-tyo-wg-002.conf	138.199.21.226:51820	138.199.21.226	51820	138.199.21.226	398	-
jp-tyo-wg-201.conf	146.70.138.194:51820	146.70.138.194	51820	146.70.138.194	337	-
jp-tyo-wg-203.conf	146.70.201.66:51820	146.70.201.66	51820	146.70.201.66	353	-
mx-qro-wg-001.conf	149.88.22.129:51820	149.88.22.129	51820	149.88.22.129	293	-
mx-qro-wg-002.conf	149.88.22.142:51820	149.88.22.142	51820	149.88.22.142	293	-
mx-qro-wg-003.conf	149.88.22.155:51820	149.88.22.155	51820	149.88.22.155	293	-
mx-qro-wg-004.conf	149.88.22.168:51820	149.88.22.168	51820	149.88.22.168	293	-
my-kul-wg-001.conf	98.98.47.130:51820	98.98.47.130	51820	98.98.47.130	293	-
my-kul-wg-002.conf	162.128.129.98:51820	162.128.129.98	51820	162.128.129.98	294	-
ng-los-wg-001.conf	79.127.149.130:51820	79.127.149.130	51820	79.127.149.130	293	-
ng-los-wg-002.conf	79.127.149.159:51820	79.127.149.159	51820	79.127.149.159	246	-
nl-ams-wg-001.conf	193.32.249.66:51820	193.32.249.66	51820	193.32.249.66	137	-
nl-ams-wg-002.conf	185.65.134.82:51820	185.65.134.82	51820	185.65.134.82	89.0	-
nl-ams-wg-003.conf	185.65.134.83:51820	185.65.134.83	51820	185.65.134.83	87.2	-
nl-ams-wg-004.conf	193.32.249.69:51820	193.32.249.69	51820	193.32.249.69	95.2	-
nl-ams-wg-005.conf	193.32.249.70:51820	193.32.249.70	51820	193.32.249.70	83.3	-
nl-ams-wg-006.conf	185.65.134.86:51820	185.65.134.86	51820	185.65.134.86	87.8	-
nl-ams-wg-007.conf	185.65.134.76:51820	185.65.134.76	51820	185.65.134.76	89.3	-
nl-ams-wg-008.conf	193.32.249.73:51820	193.32.249.73	51820	193.32.249.73	87.9	-
nl-ams-wg-101.conf	92.60.40.194:51820	92.60.40.194	51820	92.60.40.194	88.1	-
nl-ams-wg-102.conf	92.60.40.209:51820	92.60.40.209	51820	92.60.40.209	88.2	-
nl-ams-wg-103.conf	92.60.40.224:51820	92.60.40.224	51820	92.60.40.224	88.0	-
nl-ams-wg-201.conf	169.150.196.2:51820	169.150.196.2	51820	169.150.196.2	88.4	-
nl-ams-wg-202.conf	169.150.196.15:51820	169.150.196.15	51820	169.150.196.15	88.3	-
nl-ams-wg-203.conf	169.150.196.28:51820	169.150.196.28	51820	169.150.196.28	88.5	-
no-osl-wg-001.conf	176.125.235.71:51820	176.125.235.71	51820	176.125.235.71	90.7	-
no-osl-wg-002.conf	176.125.235.72:51820	176.125.235.72	51820	176.125.235.72	87.9	-
no-osl-wg-003.conf	176.125.235.73:51820	176.125.235.73	51820	176.125.235.73	88.8	-
no-osl-wg-004.conf	176.125.235.74:51820	176.125.235.74	51820	176.125.235.74	87.9	-
no-osl-wg-005.conf	178.255.149.140:51820	178.255.149.140	51820	178.255.149.140	76.9	-
no-osl-wg-006.conf	178.255.149.165:51820	178.255.149.165	51820	178.255.149.165	99.6	-
no-osl-wg-007.conf	91.90.44.15:51820	91.90.44.15	51820	91.90.44.15	191	-
no-osl-wg-008.conf	91.90.44.18:51820	91.90.44.18	51820	91.90.44.18	87.7	-
no-svg-wg-001.conf	194.127.199.2:51820	194.127.199.2	51820	194.127.199.2	88.5	-
no-svg-wg-002.conf	194.127.199.31:51820	194.127.199.31	51820	194.127.199.31	88.1	-
no-svg-wg-003.conf	194.127.199.62:51820	194.127.199.62	51820	194.127.199.62	88.2	-
no-svg-wg-004.conf	194.127.199.93:51820	194.127.199.93	51820	194.127.199.93	88.0	-
nz-akl-wg-301.conf	103.75.11.50:51820	103.75.11.50	51820	103.75.11.50	395	-
nz-akl-wg-302.conf	103.75.11.66:51820	103.75.11.66	51820	103.75.11.66	364	-
pe-lim-wg-001.conf	95.173.223.130:51820	95.173.223.130	51820	95.173.223.130	325	-
pe-lim-wg-002.conf	95.173.223.159:51820	95.173.223.159	51820	95.173.223.159	295	-
ph-mnl-wg-001.conf	129.227.118.162:51820	129.227.118.162	51820	129.227.118.162	293	-
ph-mnl-wg-002.conf	156.59.127.194:51820	156.59.127.194	51820	156.59.127.194	293	-
pl-waw-wg-101.conf	45.134.212.66:51820	45.134.212.66	51820	45.134.212.66	88.9	-
pl-waw-wg-102.conf	45.134.212.79:51820	45.134.212.79	51820	45.134.212.79	88.4	-
pl-waw-wg-103.conf	45.134.212.92:51820	45.134.212.92	51820	45.134.212.92	88.0	-
pl-waw-wg-201.conf	45.128.38.226:51820	45.128.38.226	51820	45.128.38.226	191	-
pl-waw-wg-202.conf	146.70.144.34:51820	146.70.144.34	51820	146.70.144.34	191	-
pt-lis-wg-201.conf	149.88.20.206:51820	149.88.20.206	51820	149.88.20.206	190	-
pt-lis-wg-202.conf	149.88.20.193:51820	149.88.20.193	51820	149.88.20.193	191	-
pt-lis-wg-301.conf	185.92.210.195:51820	185.92.210.195	51820	185.92.210.195	185	-
pt-lis-wg-302.conf	185.92.210.225:51820	185.92.210.225	51820	185.92.210.225	105	-
ro-buh-wg-001.conf	146.70.124.130:51820	146.70.124.130	51820	146.70.124.130	179	-
ro-buh-wg-002.conf	146.70.124.194:51820	146.70.124.194	51820	146.70.124.194	191	-
rs-beg-wg-101.conf	146.70.193.2:51820	146.70.193.2	51820	146.70.193.2	189	-
rs-beg-wg-102.conf	146.70.193.66:51820	146.70.193.66	51820	146.70.193.66	88.2	-
se-got-wg-001.conf	185.213.154.66:51820	185.213.154.66	51820	185.213.154.66	89.8	-
se-got-wg-002.conf	185.213.154.67:51820	185.213.154.67	51820	185.213.154.67	89.9	-
se-got-wg-003.conf	185.213.154.68:51820	185.213.154.68	51820	185.213.154.68	187	-
se-got-wg-004.conf	185.213.154.69:51820	185.213.154.69	51820	185.213.154.69	191	-
se-got-wg-005.conf	185.209.199.2:51820	185.209.199.2	51820	185.209.199.2	191	-
se-got-wg-006.conf	185.209.199.7:51820	185.209.199.7	51820	185.209.199.7	154	-
se-got-wg-007.conf	185.209.199.12:51820	185.209.199.12	51820	185.209.199.12	125	-
se-got-wg-008.conf	185.209.199.17:51820	185.209.199.17	51820	185.209.199.17	190	-
se-got-wg-101.conf	185.213.154.70:51820	185.213.154.70	51820	185.213.154.70	90.1	-
se-mma-wg-001.conf	193.138.218.220:51820	193.138.218.220	51820	193.138.218.220	88.0	-
se-mma-wg-002.conf	193.138.218.80:51820	193.138.218.80	51820	193.138.218.80	88.1	-
se-mma-wg-003.conf	193.138.218.83:51820	193.138.218.83	51820	193.138.218.83	83.9	-
se-mma-wg-004.conf	193.138.218.130:51820	193.138.218.130	51820	193.138.218.130	94.9	-
se-mma-wg-005.conf	193.138.218.82:51820	193.138.218.82	51820	193.138.218.82	89.3	-
se-mma-wg-011.conf	141.98.255.94:51820	141.98.255.94	51820	141.98.255.94	89.1	-
se-mma-wg-012.conf	141.98.255.97:51820	141.98.255.97	51820	141.98.255.97	190	-
se-mma-wg-101.conf	45.83.220.68:51820	45.83.220.68	51820	45.83.220.68	190	-
se-mma-wg-102.conf	45.83.220.69:51820	45.83.220.69	51820	45.83.220.69	190	-
se-mma-wg-103.conf	45.83.220.70:51820	45.83.220.70	51820	45.83.220.70	88.1	-
se-mma-wg-111.conf	45.129.59.19:51820	45.129.59.19	51820	45.129.59.19	88.4	-
se-mma-wg-112.conf	45.129.59.129:51820	45.129.59.129	51820	45.129.59.129	89.0	-
se-sto-wg-001.conf	185.195.233.76:51820	185.195.233.76	51820	185.195.233.76	92.1	-
se-sto-wg-002.conf	185.65.135.67:51820	185.65.135.67	51820	185.65.135.67	94.6	-
se-sto-wg-003.conf	185.65.135.68:51820	185.65.135.68	51820	185.65.135.68	89.7	-
se-sto-wg-007.conf	185.65.135.70:51820	185.65.135.70	51820	185.65.135.70	89.3	-
se-sto-wg-008.conf	185.65.135.71:51820	185.65.135.71	51820	185.65.135.71	91.5	-
se-sto-wg-009.conf	185.195.233.69:51820	185.195.233.69	51820	185.195.233.69	91.6	-
se-sto-wg-010.conf	185.195.233.70:51820	185.195.233.70	51820	185.195.233.70	93.6	-
se-sto-wg-011.conf	185.195.233.71:51820	185.195.233.71	51820	185.195.233.71	95.7	-
se-sto-wg-012.conf	185.195.233.66:51820	185.195.233.66	51820	185.195.233.66	92.8	-
se-sto-wg-013.conf	185.195.233.67:51820	185.195.233.67	51820	185.195.233.67	92.0	-
se-sto-wg-201.conf	89.37.63.10:51820	89.37.63.10	51820	89.37.63.10	68.1	-
se-sto-wg-202.conf	89.37.63.66:51820	89.37.63.66	51820	89.37.63.66	66.1	-
se-sto-wg-203.conf	89.37.63.129:51820	89.37.63.129	51820	89.37.63.129	70.5	-
se-sto-wg-204.conf	89.37.63.190:51820	89.37.63.190	51820	89.37.63.190	66.4	-
se-sto-wg-205.conf	170.62.100.10:51820	170.62.100.10	51820	170.62.100.10	69.3	-
se-sto-wg-206.conf	170.62.100.66:51820	170.62.100.66	51820	170.62.100.66	69.9	-
se-sto-wg-207.conf	170.62.100.129:51820	170.62.100.129	51820	170.62.100.129	69.6	-
se-sto-wg-208.conf	170.62.100.170:51820	170.62.100.170	51820	170.62.100.170	70.3	-
se-sto-wg-209.conf	170.62.100.211:51820	170.62.100.211	51820	170.62.100.211	67.4	-
sg-sin-wg-001.conf	138.199.60.2:51820	138.199.60.2	51820	138.199.60.2	325	-
sg-sin-wg-002.conf	138.199.60.15:51820	138.199.60.15	51820	138.199.60.15	294	-
sg-sin-wg-003.conf	138.199.60.28:51820	138.199.60.28	51820	138.199.60.28	293	-
sg-sin-wg-101.conf	146.70.199.194:51820	146.70.199.194	51820	146.70.199.194	293	-
sg-sin-wg-102.conf	146.70.199.130:51820	146.70.199.130	51820	146.70.199.130	294	-
si-lju-wg-001.conf	93.115.0.3:51820	93.115.0.3	51820	93.115.0.3	192	-
si-lju-wg-002.conf	93.115.0.33:51820	93.115.0.33	51820	93.115.0.33	90.4	-
sk-bts-wg-001.conf	138.199.34.129:51820	138.199.34.129	51820	138.199.34.129	90.1	-
sk-bts-wg-002.conf	138.199.34.143:51820	138.199.34.143	51820	138.199.34.143	88.1	-
th-bkk-wg-001.conf	156.59.50.194:51820	156.59.50.194	51820	156.59.50.194	192	-
th-bkk-wg-002.conf	156.59.50.226:51820	156.59.50.226	51820	156.59.50.226	192	-
tr-ist-wg-001.conf	149.102.229.129:51820	149.102.229.129	51820	149.102.229.129	190	-
tr-ist-wg-002.conf	149.102.229.158:51820	149.102.229.158	51820	149.102.229.158	190	-
ua-iev-wg-001.conf	149.102.240.79:51820	149.102.240.79	51820	149.102.240.79	191	-
ua-iev-wg-002.conf	149.102.240.66:51820	149.102.240.66	51820	149.102.240.66	191	-
us-atl-wg-001.conf	45.134.140.130:51820	45.134.140.130	51820	45.134.140.130	191	-
us-atl-wg-002.conf	45.134.140.143:51820	45.134.140.143	51820	45.134.140.143	191	-
us-atl-wg-301.conf	67.213.209.116:51820	67.213.209.116	51820	67.213.209.116	191	-
us-atl-wg-302.conf	67.213.209.117:51820	67.213.209.117	51820	67.213.209.117	190	-
us-atl-wg-303.conf	67.213.209.118:51820	67.213.209.118	51820	67.213.209.118	190	-
us-atl-wg-304.conf	67.213.209.119:51820	67.213.209.119	51820	67.213.209.119	191	-
us-atl-wg-305.conf	67.213.209.120:51820	67.213.209.120	51820	67.213.209.120	191	-
us-atl-wg-306.conf	67.213.209.121:51820	67.213.209.121	51820	67.213.209.121	190	-
us-atl-wg-401.conf	23.234.108.3:51820	23.234.108.3	51820	23.234.108.3	191	-
us-atl-wg-402.conf	23.234.108.127:51820	23.234.108.127	51820	23.234.108.127	190	-
us-atl-wg-403.conf	23.234.109.3:51820	23.234.109.3	51820	23.234.109.3	193	-
us-atl-wg-404.conf	23.234.109.127:51820	23.234.109.127	51820	23.234.109.127	192	-
us-atl-wg-405.conf	23.234.110.3:51820	23.234.110.3	51820	23.234.110.3	192	-
us-atl-wg-406.conf	23.234.110.127:51820	23.234.110.127	51820	23.234.110.127	192	-
us-atl-wg-407.conf	23.234.111.3:51820	23.234.111.3	51820	23.234.111.3	193	-
us-atl-wg-408.conf	23.234.111.127:51820	23.234.111.127	51820	23.234.111.127	192	-
us-bos-wg-001.conf	43.225.189.131:51820	43.225.189.131	51820	43.225.189.131	191	-
us-bos-wg-101.conf	149.40.50.98:51820	149.40.50.98	51820	149.40.50.98	190	-
us-bos-wg-102.conf	149.40.50.112:51820	149.40.50.112	51820	149.40.50.112	190	-
us-chi-wg-201.conf	87.249.134.1:51820	87.249.134.1	51820	87.249.134.1	191	-
us-chi-wg-202.conf	87.249.134.14:51820	87.249.134.14	51820	87.249.134.14	163	-
us-chi-wg-203.conf	87.249.134.27:51820	87.249.134.27	51820	87.249.134.27	219	-
us-chi-wg-301.conf	68.235.46.2:51820	68.235.46.2	51820	68.235.46.2	190	-
us-chi-wg-302.conf	68.235.46.33:51820	68.235.46.33	51820	68.235.46.33	191	-
us-chi-wg-303.conf	68.235.46.64:51820	68.235.46.64	51820	68.235.46.64	191	-
us-chi-wg-304.conf	68.235.46.95:51820	68.235.46.95	51820	68.235.46.95	191	-
us-chi-wg-305.conf	68.235.46.126:51820	68.235.46.126	51820	68.235.46.126	191	-
us-chi-wg-306.conf	68.235.46.157:51820	68.235.46.157	51820	68.235.46.157	191	-
us-chi-wg-307.conf	68.235.46.188:51820	68.235.46.188	51820	68.235.46.188	191	-
us-chi-wg-308.conf	68.235.46.209:51820	68.235.46.209	51820	68.235.46.209	190	-
us-dal-wg-001.conf	146.70.211.66:51820	146.70.211.66	51820	146.70.211.66	191	-
us-dal-wg-002.conf	146.70.211.2:51820	146.70.211.2	51820	146.70.211.2	191	-
us-dal-wg-003.conf	146.70.211.130:51820	146.70.211.130	51820	146.70.211.130	190	-
us-dal-wg-401.conf	37.19.200.156:51820	37.19.200.156	51820	37.19.200.156	191	-
us-dal-wg-402.conf	37.19.200.143:51820	37.19.200.143	51820	37.19.200.143	282	-
us-dal-wg-403.conf	37.19.200.130:51820	37.19.200.130	51820	37.19.200.130	201	-
us-dal-wg-502.conf	206.217.206.47:51820	206.217.206.47	51820	206.217.206.47	293	-
us-dal-wg-503.conf	206.217.206.67:51820	206.217.206.67	51820	206.217.206.67	294	-
us-dal-wg-504.conf	206.217.206.87:51820	206.217.206.87	51820	206.217.206.87	191	-
us-dal-wg-505.conf	206.217.206.107:51820	206.217.206.107	51820	206.217.206.107	293	-
us-dal-wg-506.conf	206.217.206.4:51820	206.217.206.4	51820	206.217.206.4	280	-
us-dal-wg-507.conf	206.217.206.16:51820	206.217.206.16	51820	206.217.206.16	202	-
us-dal-wg-601.conf	103.102.246.3:51820	103.102.246.3	51820	103.102.246.3	191	-
us-dal-wg-602.conf	103.102.246.127:51820	103.102.246.127	51820	103.102.246.127	293	-
us-dal-wg-603.conf	103.102.247.3:51820	103.102.247.3	51820	103.102.247.3	193	-
us-dal-wg-604.conf	103.102.247.127:51820	103.102.247.127	51820	103.102.247.127	190	-
us-den-wg-101.conf	37.19.210.1:51820	37.19.210.1	51820	37.19.210.1	191	-
us-den-wg-102.conf	37.19.210.14:51820	37.19.210.14	51820	37.19.210.14	191	-
us-den-wg-103.conf	37.19.210.27:51820	37.19.210.27	51820	37.19.210.27	293	-
us-den-wg-201.conf	23.234.68.2:51820	23.234.68.2	51820	23.234.68.2	296	-
us-den-wg-202.conf	23.234.68.127:51820	23.234.68.127	51820	23.234.68.127	293	-
us-den-wg-203.conf	23.234.69.2:51820	23.234.69.2	51820	23.234.69.2	293	-
us-den-wg-204.conf	23.234.69.127:51820	23.234.69.127	51820	23.234.69.127	209	-
us-den-wg-205.conf	23.234.70.2:51820	23.234.70.2	51820	23.234.70.2	274	-
us-den-wg-206.conf	23.234.70.127:51820	23.234.70.127	51820	23.234.70.127	241	-
us-den-wg-207.conf	23.234.71.2:51820	23.234.71.2	51820	23.234.71.2	243	-
us-den-wg-208.conf	23.234.71.127:51820	23.234.71.127	51820	23.234.71.127	293	-
us-hou-wg-001.conf	37.19.221.130:51820	37.19.221.130	51820	37.19.221.130	190	-
us-hou-wg-002.conf	37.19.221.143:51820	37.19.221.143	51820	37.19.221.143	190	-
us-hou-wg-003.conf	37.19.221.156:51820	37.19.221.156	51820	37.19.221.156	191	-
us-hou-wg-004.conf	37.19.221.169:51820	37.19.221.169	51820	37.19.221.169	190	-
us-lax-wg-101.conf	198.44.129.98:51820	198.44.129.98	51820	198.44.129.98	294	-
us-lax-wg-102.conf	198.44.129.66:51820	198.44.129.66	51820	198.44.129.66	293	-
us-lax-wg-103.conf	198.44.129.34:51820	198.44.129.34	51820	198.44.129.34	214	-
us-lax-wg-201.conf	169.150.203.2:51820	169.150.203.2	51820	169.150.203.2	233	-
us-lax-wg-202.conf	169.150.203.15:51820	169.150.203.15	51820	169.150.203.15	329	-
us-lax-wg-203.conf	169.150.203.28:51820	169.150.203.28	51820	169.150.203.28	293	-
us-lax-wg-402.conf	146.70.173.66:51820	146.70.173.66	51820	146.70.173.66	208	-
us-lax-wg-403.conf	146.70.173.130:51820	146.70.173.130	51820	146.70.173.130	276	-
us-lax-wg-404.conf	146.70.173.194:51820	146.70.173.194	51820	146.70.173.194	294	-
us-lax-wg-405.conf	146.70.172.2:51820	146.70.172.2	51820	146.70.172.2	293	-
us-lax-wg-406.conf	146.70.174.2:51820	146.70.174.2	51820	146.70.174.2	293	-
us-lax-wg-407.conf	146.70.172.66:51820	146.70.172.66	51820	146.70.172.66	207	-
us-lax-wg-408.conf	146.70.172.130:51820	146.70.172.130	51820	146.70.172.130	277	-
us-lax-wg-409.conf	146.70.172.194:51820	146.70.172.194	51820	146.70.172.194	293	-
us-lax-wg-601.conf	23.162.40.3:51820	23.162.40.3	51820	23.162.40.3	293	-
us-lax-wg-602.conf	23.162.40.127:51820	23.162.40.127	51820	23.162.40.127	293	-
us-lax-wg-603.conf	23.159.216.3:51820	23.159.216.3	51820	23.159.216.3	202	-
us-lax-wg-604.conf	23.159.216.127:51820	23.159.216.127	51820	23.159.216.127	219	-
us-lax-wg-605.conf	23.160.24.3:51820	23.160.24.3	51820	23.160.24.3	253	-
us-lax-wg-606.conf	23.160.24.127:51820	23.160.24.127	51820	23.160.24.127	205	-
us-lax-wg-607.conf	23.168.216.3:51820	23.168.216.3	51820	23.168.216.3	278	-
us-lax-wg-608.conf	23.168.216.127:51820	23.168.216.127	51820	23.168.216.127	293	-
us-lax-wg-701.conf	103.251.26.3:51820	103.251.26.3	51820	103.251.26.3	293	-
us-lax-wg-702.conf	103.251.26.127:51820	103.251.26.127	51820	103.251.26.127	292	-
us-lax-wg-703.conf	103.251.27.3:51820	103.251.27.3	51820	103.251.27.3	271	-
us-lax-wg-704.conf	103.251.27.127:51820	103.251.27.127	51820	103.251.27.127	318	-
us-mia-wg-001.conf	45.134.142.219:51820	45.134.142.219	51820	45.134.142.219	191	-
us-mia-wg-002.conf	45.134.142.206:51820	45.134.142.206	51820	45.134.142.206	190	-
us-mia-wg-003.conf	45.134.142.193:51820	45.134.142.193	51820	45.134.142.193	191	-
us-mia-wg-101.conf	146.70.187.2:51820	146.70.187.2	51820	146.70.187.2	191	-
us-mia-wg-102.conf	146.70.187.66:51820	146.70.187.66	51820	146.70.187.66	191	-
us-mia-wg-103.conf	146.70.187.130:51820	146.70.187.130	51820	146.70.187.130	192	-
us-mkc-wg-001.conf	23.234.116.3:51820	23.234.116.3	51820	23.234.116.3	191	-
us-mkc-wg-002.conf	23.234.116.127:51820	23.234.116.127	51820	23.234.116.127	190	-
us-mkc-wg-003.conf	23.234.117.3:51820	23.234.117.3	51820	23.234.117.3	191	-
us-mkc-wg-004.conf	23.234.117.127:51820	23.234.117.127	51820	23.234.117.127	190	-
us-mkc-wg-005.conf	23.234.118.3:51820	23.234.118.3	51820	23.234.118.3	193	-
us-mkc-wg-006.conf	23.234.118.127:51820	23.234.118.127	51820	23.234.118.127	192	-
us-mkc-wg-007.conf	23.234.119.3:51820	23.234.119.3	51820	23.234.119.3	191	-
us-mkc-wg-008.conf	23.234.119.127:51820	23.234.119.127	51820	23.234.119.127	191	-
us-mkc-wg-101.conf	155.2.191.3:51820	155.2.191.3	51820	155.2.191.3	193	-
us-mkc-wg-102.conf	155.2.191.53:51820	155.2.191.53	51820	155.2.191.53	189	-
us-mkc-wg-103.conf	155.2.191.103:51820	155.2.191.103	51820	155.2.191.103	190	-
us-mkc-wg-104.conf	155.2.191.153:51820	155.2.191.153	51820	155.2.191.153	190	-
us-mkc-wg-105.conf	155.2.191.203:51820	155.2.191.203	51820	155.2.191.203	293	-
us-nyc-wg-301.conf	143.244.47.65:51820	143.244.47.65	51820	143.244.47.65	182	-
us-nyc-wg-302.conf	143.244.47.78:51820	143.244.47.78	51820	143.244.47.78	199	-
us-nyc-wg-303.conf	143.244.47.91:51820	143.244.47.91	51820	143.244.47.91	190	-
us-nyc-wg-501.conf	146.70.165.2:51820	146.70.165.2	51820	146.70.165.2	191	-
us-nyc-wg-502.conf	146.70.165.130:51820	146.70.165.130	51820	146.70.165.130	148	-
us-nyc-wg-503.conf	146.70.165.194:51820	146.70.165.194	51820	146.70.165.194	147	-
us-nyc-wg-504.conf	146.70.166.130:51820	146.70.166.130	51820	146.70.166.130	177	-
us-nyc-wg-505.conf	146.70.166.194:51820	146.70.166.194	51820	146.70.166.194	191	-
us-nyc-wg-506.conf	146.70.165.66:51820	146.70.165.66	51820	146.70.165.66	149	-
us-nyc-wg-601.conf	146.70.185.2:51820	146.70.185.2	51820	146.70.185.2	232	-
us-nyc-wg-602.conf	146.70.168.130:51820	146.70.168.130	51820	146.70.168.130	191	-
us-nyc-wg-603.conf	146.70.168.66:51820	146.70.168.66	51820	146.70.168.66	191	-
us-nyc-wg-604.conf	146.70.171.66:51820	146.70.171.66	51820	146.70.171.66	191	-
us-nyc-wg-605.conf	146.70.171.130:51820	146.70.171.130	51820	146.70.171.130	190	-
us-nyc-wg-606.conf	146.70.168.194:51820	146.70.168.194	51820	146.70.168.194	190	-
us-nyc-wg-701.conf	23.162.8.3:51820	23.162.8.3	51820	23.162.8.3	191	-
us-nyc-wg-702.conf	23.162.8.67:51820	23.162.8.67	51820	23.162.8.67	191	-
us-nyc-wg-703.conf	23.162.8.130:51820	23.162.8.130	51820	23.162.8.130	191	-
us-nyc-wg-801.conf	23.234.100.3:51820	23.234.100.3	51820	23.234.100.3	191	-
us-nyc-wg-802.conf	23.234.100.127:51820	23.234.100.127	51820	23.234.100.127	191	-
us-nyc-wg-803.conf	23.234.101.3:51820	23.234.101.3	51820	23.234.101.3	191	-
us-nyc-wg-804.conf	23.234.101.127:51820	23.234.101.127	51820	23.234.101.127	190	-
us-nyc-wg-805.conf	23.234.102.3:51820	23.234.102.3	51820	23.234.102.3	195	-
us-nyc-wg-806.conf	23.234.102.127:51820	23.234.102.127	51820	23.234.102.127	187	-
us-nyc-wg-807.conf	23.234.103.3:51820	23.234.103.3	51820	23.234.103.3	191	-
us-nyc-wg-808.conf	23.234.103.127:51820	23.234.103.127	51820	23.234.103.127	191	-
us-phx-wg-201.conf	23.234.88.3:51820	23.234.88.3	51820	23.234.88.3	292	-
us-phx-wg-202.conf	23.234.88.127:51820	23.234.88.127	51820	23.234.88.127	292	-
us-phx-wg-203.conf	23.234.89.3:51820	23.234.89.3	51820	23.234.89.3	293	-
us-phx-wg-204.conf	23.234.89.127:51820	23.234.89.127	51820	23.234.89.127	202	-
us-phx-wg-205.conf	23.234.90.3:51820	23.234.90.3	51820	23.234.90.3	209	-
us-phx-wg-206.conf	23.234.90.127:51820	23.234.90.127	51820	23.234.90.127	266	-
us-phx-wg-207.conf	23.234.91.3:51820	23.234.91.3	51820	23.234.91.3	205	-
us-phx-wg-208.conf	23.234.91.127:51820	23.234.91.127	51820	23.234.91.127	279	-
us-qas-wg-001.conf	198.54.135.34:51820	198.54.135.34	51820	198.54.135.34	191	-
us-qas-wg-002.conf	198.54.135.66:51820	198.54.135.66	51820	198.54.135.66	190	-
us-qas-wg-003.conf	198.54.135.98:51820	198.54.135.98	51820	198.54.135.98	191	-
us-qas-wg-004.conf	198.54.135.130:51820	198.54.135.130	51820	198.54.135.130	163	-
us-qas-wg-101.conf	185.156.46.130:51820	185.156.46.130	51820	185.156.46.130	157	-
us-qas-wg-102.conf	185.156.46.143:51820	185.156.46.143	51820	185.156.46.143	149	-
us-qas-wg-103.conf	185.156.46.156:51820	185.156.46.156	51820	185.156.46.156	191	-
us-qas-wg-201.conf	103.81.230.3:51820	103.81.230.3	51820	103.81.230.3	191	-
us-qas-wg-202.conf	103.81.230.127:51820	103.81.230.127	51820	103.81.230.127	190	-
us-qas-wg-203.conf	103.81.231.3:51820	103.81.231.3	51820	103.81.231.3	192	-
us-qas-wg-204.conf	103.81.231.127:51820	103.81.231.127	51820	103.81.231.127	190	-
us-rag-wg-201.conf	23.234.76.2:51820	23.234.76.2	51820	23.234.76.2	191	-
us-rag-wg-202.conf	23.234.76.127:51820	23.234.76.127	51820	23.234.76.127	191	-
us-rag-wg-203.conf	23.234.77.2:51820	23.234.77.2	51820	23.234.77.2	191	-
us-rag-wg-204.conf	23.234.77.127:51820	23.234.77.127	51820	23.234.77.127	193	-
us-rag-wg-205.conf	23.234.78.2:51820	23.234.78.2	51820	23.234.78.2	190	-
us-rag-wg-206.conf	23.234.78.127:51820	23.234.78.127	51820	23.234.78.127	191	-
us-rag-wg-207.conf	23.234.79.2:51820	23.234.79.2	51820	23.234.79.2	191	-
us-sea-wg-001.conf	138.199.43.91:51820	138.199.43.91	51820	138.199.43.91	295	-
us-sea-wg-002.conf	138.199.43.78:51820	138.199.43.78	51820	138.199.43.78	295	-
us-sea-wg-003.conf	138.199.43.65:51820	138.199.43.65	51820	138.199.43.65	293	-
us-sea-wg-401.conf	23.234.80.2:51820	23.234.80.2	51820	23.234.80.2	293	-
us-sea-wg-402.conf	23.234.80.127:51820	23.234.80.127	51820	23.234.80.127	293	-
us-sea-wg-403.conf	23.234.81.2:51820	23.234.81.2	51820	23.234.81.2	293	-
us-sea-wg-404.conf	23.234.81.127:51820	23.234.81.127	51820	23.234.81.127	293	-
us-sea-wg-405.conf	23.234.82.2:51820	23.234.82.2	51820	23.234.82.2	293	-
us-sea-wg-406.conf	23.234.82.127:51820	23.234.82.127	51820	23.234.82.127	293	-
us-sea-wg-407.conf	23.234.83.2:51820	23.234.83.2	51820	23.234.83.2	293	-
us-sea-wg-408.conf	23.234.83.127:51820	23.234.83.127	51820	23.234.83.127	210	-
us-sjc-wg-302.conf	142.147.89.210:51820	142.147.89.210	51820	142.147.89.210	274	-
us-sjc-wg-303.conf	142.147.89.225:51820	142.147.89.225	51820	142.147.89.225	293	-
us-sjc-wg-401.conf	79.127.217.34:51820	79.127.217.34	51820	79.127.217.34	274	-
us-sjc-wg-402.conf	79.127.217.47:51820	79.127.217.47	51820	79.127.217.47	212	-
us-sjc-wg-501.conf	23.234.92.3:51820	23.234.92.3	51820	23.234.92.3	200	-
us-sjc-wg-502.conf	23.234.92.127:51820	23.234.92.127	51820	23.234.92.127	284	-
us-sjc-wg-503.conf	23.234.93.3:51820	23.234.93.3	51820	23.234.93.3	217	-
us-sjc-wg-504.conf	23.234.93.127:51820	23.234.93.127	51820	23.234.93.127	266	-
us-sjc-wg-505.conf	23.234.94.3:51820	23.234.94.3	51820	23.234.94.3	293	-
us-sjc-wg-506.conf	23.234.94.127:51820	23.234.94.127	51820	23.234.94.127	293	-
us-sjc-wg-507.conf	23.234.95.3:51820	23.234.95.3	51820	23.234.95.3	294	-
us-sjc-wg-508.conf	23.234.95.127:51820	23.234.95.127	51820	23.234.95.127	294	-
us-slc-wg-201.conf	69.4.234.9:51820	69.4.234.9	51820	69.4.234.9	283	-
us-slc-wg-202.conf	69.4.234.149:51820	69.4.234.149	51820	69.4.234.149	201	-
us-slc-wg-203.conf	69.4.234.131:51820	69.4.234.131	51820	69.4.234.131	293	-
us-slc-wg-204.conf	69.4.234.10:51820	69.4.234.10	51820	69.4.234.10	292	-
us-slc-wg-302.conf	23.234.112.127:51820	23.234.112.127	51820	23.234.112.127	293	-
us-slc-wg-305.conf	23.234.114.3:51820	23.234.114.3	51820	23.234.114.3	293	-
us-slc-wg-306.conf	23.234.114.127:51820	23.234.114.127	51820	23.234.114.127	293	-
us-slc-wg-307.conf	23.234.115.3:51820	23.234.115.3	51820	23.234.115.3	193	-
us-slc-wg-308.conf	23.234.115.127:51820	23.234.115.127	51820	23.234.115.127	290	-
us-txc-wg-001.conf	79.127.222.194:51820	79.127.222.194	51820	79.127.222.194	293	-
us-txc-wg-002.conf	79.127.222.207:51820	79.127.222.207	51820	79.127.222.207	293	-
us-uyk-wg-201.conf	104.36.50.3:51820	104.36.50.3	51820	104.36.50.3	191	-
us-uyk-wg-202.conf	104.36.50.33:51820	104.36.50.33	51820	104.36.50.33	191	-
us-was-wg-001.conf	185.213.193.3:51820	185.213.193.3	51820	185.213.193.3	191	-
us-was-wg-002.conf	185.213.193.127:51820	185.213.193.127	51820	185.213.193.127	190	-
za-jnb-wg-001.conf	154.47.30.130:51820	154.47.30.130	51820	154.47.30.130	294	-
za-jnb-wg-002.conf	154.47.30.143:51820	154.47.30.143	51820	154.47.30.143	293	-
